id,path,category,width,height,border,imageType,pixelsPerUnit,role,outerPadding,usage,sha256
panel_fill,Sprites/Chrome/panel_fill.png,Chrome,128,128,"[24, 24, 24, 24]",Sliced,100,Surface,0,Tint through existing UiTheme. Equal bounds across this family; do not set native size.,03b4ae33b4a75f36e8d3f7540d12650bed65037d09e449b2e4a62bc1020927a8
panel_edge_rest,Sprites/Chrome/panel_edge_rest.png,Chrome,128,128,"[24, 24, 24, 24]",Sliced,100,OutlineResting,0,Tint through existing UiTheme. Equal bounds across this family; do not set native size.,fb449863de77ae11679a9ce2983ef319026275048461e469300ce18a173a532c
panel_edge_focus,Sprites/Chrome/panel_edge_focus.png,Chrome,128,128,"[24, 24, 24, 24]",Sliced,100,Accent,0,Tint through existing UiTheme. Equal bounds across this family; do not set native size.,e00285a4454624a13effe4ff14dd9d317c4c7b8b76cfd9bcd1d5c5c0413d1334
card_fill,Sprites/Chrome/card_fill.png,Chrome,128,128,"[18, 18, 18, 18]",Sliced,100,Surface,0,Tint through existing UiTheme. Equal bounds across this family; do not set native size.,46460e0d5be551fb2c51e888a9d9fa8a3d39284ec61a1be0e3e842b815417d6f
card_edge_rest,Sprites/Chrome/card_edge_rest.png,Chrome,128,128,"[18, 18, 18, 18]",Sliced,100,OutlineResting,0,Tint through existing UiTheme. Equal bounds across this family; do not set native size.,ef494f9d4231a71cc52b9791362075e6b4f191f5fb04143158761e0f97d936a5
card_edge_focus,Sprites/Chrome/card_edge_focus.png,Chrome,128,128,"[18, 18, 18, 18]",Sliced,100,Accent,0,Tint through existing UiTheme. Equal bounds across this family; do not set native size.,1929ebf303cf3ada3d36b4dd8a8cfd14ff46b668382d0eab72be5682b5dde198
button_fill,Sprites/Chrome/button_fill.png,Chrome,128,128,"[14, 14, 14, 14]",Sliced,100,Surface,0,Tint through existing UiTheme. Equal bounds across this family; do not set native size.,0459a494503779cc9a1dcc114c915c7b47a99bf0a18682c73bb382894af8e121
button_edge_rest,Sprites/Chrome/button_edge_rest.png,Chrome,128,128,"[14, 14, 14, 14]",Sliced,100,OutlineResting,0,Tint through existing UiTheme. Equal bounds across this family; do not set native size.,221719cef48d945ba62922ee766984b10af618df746cb41ef542e47d15c01e35
button_edge_focus,Sprites/Chrome/button_edge_focus.png,Chrome,128,128,"[14, 14, 14, 14]",Sliced,100,Accent,0,Tint through existing UiTheme. Equal bounds across this family; do not set native size.,4da134adfb15f0b7e6f0d61b437407a751c509d1c5541be1fc09f141a61e05dc
pill_fill,Sprites/Chrome/pill_fill.png,Chrome,128,64,"[32, 30, 32, 30]",Sliced,100,SurfaceRaised,0,"Use at least 64 reference units high if retaining full original radius, or adjust Image pixelsPerUnitMultiplier consistently.",55f561e3f8cca1de48f8479982550a244e66b1cdc5c0c5d8743eb0f469bbfc8f
pill_edge,Sprites/Chrome/pill_edge.png,Chrome,128,64,"[32, 30, 32, 30]",Sliced,100,OutlineResting,0,"Use at least 64 reference units high if retaining full original radius, or adjust Image pixelsPerUnitMultiplier consistently.",779df1706e2c239c8d1c83d086a332db7ee1880ebf4f4f8a5dda35d7dd71f041
panel_focus_halo,Sprites/Chrome/panel_focus_halo.png,Chrome,192,192,"[64, 64, 64, 64]",Sliced,100,Accent,32,"Decorative child only; expand rect by 32 units each side at 1:1 PPU, set opacity about 0.18; never use as hit target.",a1bffae8e77102f6577647d74722a0131913360d98ef7a79e0af9884d696b082
solid_tint_tile,Sprites/Chrome/solid_tint_tile.png,Chrome,8,8,"[0, 0, 0, 0]",Simple,100,Scrim,0,Flat white tile for a separately tinted backdrop scrim; no texture stretch artifacts.,6fbcc4b9129eac79a7a59e6b35290fbbcb946913f5dcbf99123699186f4c1cc9
divider_h,Sprites/Widgets/divider_h.png,Widgets,64,2,"[0, 0, 0, 0]",Simple,100,OutlineResting,0,Stretch width; keep height 1-2 reference units.,6552c96908f205d6c5858a29ae681665bac1be7cc18ec2ec27378ccfc23dc452
divider_v,Sprites/Widgets/divider_v.png,Widgets,2,64,"[0, 0, 0, 0]",Simple,100,OutlineResting,0,Stretch height; keep width 1-2 reference units.,4b051f51c97a8d73ffbec13502de867b0b1b3c78a36f86672fd2a3ecd9cf7f45
selection_stripe,Sprites/Widgets/selection_stripe.png,Widgets,12,64,"[5, 6, 5, 6]",Sliced,100,Accent,0,"Small selected row marker, not an all-row glow.",10ca5e9179ac53cbf3b5609af7d26be5fc801a66b8c7108040c56c83957c56b6
meter_track,Sprites/Widgets/meter_track.png,Widgets,128,24,"[12, 11, 12, 11]",Sliced,100,SurfaceRaised,0,Empty meter track; contains no value.,05e0b0d9c0e19cd2ebb2f31263c1318009c5561c0163cd8fef799f3983c2ab4d
meter_fill,Sprites/Widgets/meter_fill.png,Widgets,128,24,"[12, 11, 12, 11]",Sliced,100,ValueRole,0,"Full fill shape, no baked value. Resize within a mask or use Filled type with a rectangular fill as appropriate.",05e0b0d9c0e19cd2ebb2f31263c1318009c5561c0163cd8fef799f3983c2ab4d
meter_fill_rect,Sprites/Widgets/meter_fill_rect.png,Widgets,64,16,"[0, 0, 0, 0]",Simple,100,ValueRole,0,Use under rounded mask with Image.Type.Filled; amount driven by real data.,aacc38c8f19648d779d97e45bbb430cd640b3ebdf00c31046bca844377b4c267
meter_zero_tick,Sprites/Widgets/meter_zero_tick.png,Widgets,3,28,"[0, 0, 0, 0]",Simple,100,Muted,0,Fixed zero on a signed/diverging scale only after confirming actual min/max domain.,adfda4af20610512e306365ed2b8d8ca3c32aabed91176dc505b62a0f9dea6dc
timeline_dot,Sprites/Widgets/timeline_dot.png,Widgets,32,32,"[0, 0, 0, 0]",Simple,100,TextPrimary,0,Simple / Preserve Aspect. Portrait ring stays outside portrait mask.,c708637093439b136d340550bf6e464e2bd15a3c7ce660aea1bdf5d56abf34c7
timeline_ring,Sprites/Widgets/timeline_ring.png,Widgets,48,48,"[0, 0, 0, 0]",Simple,100,OutlineResting,0,Simple / Preserve Aspect. Portrait ring stays outside portrait mask.,4672500c9ae63ae3efb2fb0b42745335e22ce8e70f70e9bff4495e5fc0ef910e
portrait_mask,Sprites/Widgets/portrait_mask.png,Widgets,256,256,"[0, 0, 0, 0]",Simple,100,TextPrimary,0,Simple / Preserve Aspect. Portrait ring stays outside portrait mask.,c3513e8a0973e5b59a3def56f5e225cc513ab77e148f7b9b19d4a0b983e77a88
portrait_ring,Sprites/Widgets/portrait_ring.png,Widgets,256,256,"[0, 0, 0, 0]",Simple,100,OutlineResting,0,Simple / Preserve Aspect. Portrait ring stays outside portrait mask.,c6e0100a8331149b24e3633d02231e9703d507a77e1b54426edf4bddccdc95a6
speech_tail,Sprites/Widgets/speech_tail.png,Widgets,40,24,"[0, 0, 0, 0]",Simple,100,SurfaceRaised,0,Separate tail anchored to bubble; never 9-slice a tail into the middle.,15ee112b0d8de387e409ef050fe2940824d9566f6a26a905368d1e47b82b7046
relation_dash,Sprites/Widgets/relation_dash.png,Widgets,64,8,"[0, 0, 0, 0]",Tiled,100,Muted,0,Tile to preserve dash length; do not stretch into a false continuous line.,08fd79433e9a1428780b9fa9d79fe29795b72005e3e3edf57542db553f690a8e
relation_arrow,Sprites/Widgets/relation_arrow.png,Widgets,64,64,"[0, 0, 0, 0]",Simple,100,Muted,0,Direction only for directional knowledge; do not imply reciprocal trust.,4c58f8adb750b89a5e88f1a22cd75789f73be850d56f3c20f1623490ccbb15a2
ic_chat,Sprites/Icons/ic_chat.png,Icons,256,256,"[0, 0, 0, 0]",Simple,100,TextPrimary,0,Original white line glyph; matching SVG provided. Tint with existing theme; decorative Image Raycast Target off.,027c745320df1624a74861a0def6a05202d7975c9ba51290b5989ed23d8cd384
ic_lock,Sprites/Icons/ic_lock.png,Icons,256,256,"[0, 0, 0, 0]",Simple,100,TextPrimary,0,Original white line glyph; matching SVG provided. Tint with existing theme; decorative Image Raycast Target off.,9fc4b77b7a204eebd021cc603b6ca6d16d3ee52397037b1d83b30afdc0954f06
ic_location,Sprites/Icons/ic_location.png,Icons,256,256,"[0, 0, 0, 0]",Simple,100,TextPrimary,0,Original white line glyph; matching SVG provided. Tint with existing theme; decorative Image Raycast Target off.,a252f3e1253211e025b8301ab30c267ec731fb269a3c194258ba5264f8cfd880
ic_location_unknown,Sprites/Icons/ic_location_unknown.png,Icons,256,256,"[0, 0, 0, 0]",Simple,100,TextPrimary,0,Original white line glyph; matching SVG provided. Tint with existing theme; decorative Image Raycast Target off.,a97258cf982dd32590d03f6202acdd8260d6e4224b31e8a51a53d2a3df2d63e6
ic_person,Sprites/Icons/ic_person.png,Icons,256,256,"[0, 0, 0, 0]",Simple,100,TextPrimary,0,Original white line glyph; matching SVG provided. Tint with existing theme; decorative Image Raycast Target off.,000fe04dcd33c2a9ff5a14ef577a087c69d20df25035b17aeaacdf2fc3049317
ic_people,Sprites/Icons/ic_people.png,Icons,256,256,"[0, 0, 0, 0]",Simple,100,TextPrimary,0,Original white line glyph; matching SVG provided. Tint with existing theme; decorative Image Raycast Target off.,97d73795d55febf1571bd518ef151608e2874049cdf814eee05beaaed6907bda
ic_bed,Sprites/Icons/ic_bed.png,Icons,256,256,"[0, 0, 0, 0]",Simple,100,TextPrimary,0,Original white line glyph; matching SVG provided. Tint with existing theme; decorative Image Raycast Target off.,dee319fd7934068f8ba8680ade9144f4cfd75bee7876c8d2dcd079d68bf4df92
ic_sofa,Sprites/Icons/ic_sofa.png,Icons,256,256,"[0, 0, 0, 0]",Simple,100,TextPrimary,0,Original white line glyph; matching SVG provided. Tint with existing theme; decorative Image Raycast Target off.,f12c7e32887d5f740ea91d93fa1a29c657c311cc326424d71cee0868ded52979
ic_kitchen,Sprites/Icons/ic_kitchen.png,Icons,256,256,"[0, 0, 0, 0]",Simple,100,TextPrimary,0,Original white line glyph; matching SVG provided. Tint with existing theme; decorative Image Raycast Target off.,ba7424b1d45864508620d9e73c5ef9a029744818b65d90f8e1dfb4f3b57f28fa
ic_gamepad,Sprites/Icons/ic_gamepad.png,Icons,256,256,"[0, 0, 0, 0]",Simple,100,TextPrimary,0,Original white line glyph; matching SVG provided. Tint with existing theme; decorative Image Raycast Target off.,1535ad5247d66454e044b9c79d91c2a2f871dab624103f68aceacaf1f761d9dc
ic_crown,Sprites/Icons/ic_crown.png,Icons,256,256,"[0, 0, 0, 0]",Simple,100,TextPrimary,0,Original white line glyph; matching SVG provided. Tint with existing theme; decorative Image Raycast Target off.,bdd90cdd41ad9330eebda8950cbb888559f81a0f823578dbefb15e29733e2234
ic_diary,Sprites/Icons/ic_diary.png,Icons,256,256,"[0, 0, 0, 0]",Simple,100,TextPrimary,0,Original white line glyph; matching SVG provided. Tint with existing theme; decorative Image Raycast Target off.,1e018659126ec306e0866a98b5fb71b943c94c07cf7255e2b2e3cd5a10d25df8
ic_note,Sprites/Icons/ic_note.png,Icons,256,256,"[0, 0, 0, 0]",Simple,100,TextPrimary,0,Original white line glyph; matching SVG provided. Tint with existing theme; decorative Image Raycast Target off.,62dc8f50682cf02275199298ee4327987f177c54e4021afd43059e1231f826e7
ic_eye,Sprites/Icons/ic_eye.png,Icons,256,256,"[0, 0, 0, 0]",Simple,100,TextPrimary,0,Original white line glyph; matching SVG provided. Tint with existing theme; decorative Image Raycast Target off.,c8db27e0a8c1b95c45c1c0495ab3cda881c7b714df8f3195de254dc9afff0754
ic_eye_closed,Sprites/Icons/ic_eye_closed.png,Icons,256,256,"[0, 0, 0, 0]",Simple,100,TextPrimary,0,Original white line glyph; matching SVG provided. Tint with existing theme; decorative Image Raycast Target off.,5fa660bb8e47734d1c02543e6ed8a346eaf2ca39b68308cfec0133bdf4f6a64b
ic_check,Sprites/Icons/ic_check.png,Icons,256,256,"[0, 0, 0, 0]",Simple,100,TextPrimary,0,Original white line glyph; matching SVG provided. Tint with existing theme; decorative Image Raycast Target off.,bab2f106f049b397376926595c21d44199f83816c8cf3337bfb7035ee786a402
ic_cross,Sprites/Icons/ic_cross.png,Icons,256,256,"[0, 0, 0, 0]",Simple,100,TextPrimary,0,Original white line glyph; matching SVG provided. Tint with existing theme; decorative Image Raycast Target off.,7facf9e1cde04621b52142341e48442b4f68f2a29f546893b812e4e262f00e4a
ic_question,Sprites/Icons/ic_question.png,Icons,256,256,"[0, 0, 0, 0]",Simple,100,TextPrimary,0,Original white line glyph; matching SVG provided. Tint with existing theme; decorative Image Raycast Target off.,43bd27d08ab485763e0be7a682b939e9089bde0d1cdbda447452341229b79711
ic_info,Sprites/Icons/ic_info.png,Icons,256,256,"[0, 0, 0, 0]",Simple,100,TextPrimary,0,Original white line glyph; matching SVG provided. Tint with existing theme; decorative Image Raycast Target off.,dd497c750176441edc956f7635e1f528641c6e3f2a9ace3f5a1cc98dde9c2f17
ic_warning,Sprites/Icons/ic_warning.png,Icons,256,256,"[0, 0, 0, 0]",Simple,100,TextPrimary,0,Original white line glyph; matching SVG provided. Tint with existing theme; decorative Image Raycast Target off.,5901db802fe094159c454bd93c2cc70aaaf88f0f9493f511bf631087b33c7198
ic_clock,Sprites/Icons/ic_clock.png,Icons,256,256,"[0, 0, 0, 0]",Simple,100,TextPrimary,0,Original white line glyph; matching SVG provided. Tint with existing theme; decorative Image Raycast Target off.,b30bda9a6846c629dfb20475dad0ccb98e45a57c7e9c8c978b4a19ec62a804ae
ic_calendar,Sprites/Icons/ic_calendar.png,Icons,256,256,"[0, 0, 0, 0]",Simple,100,TextPrimary,0,Original white line glyph; matching SVG provided. Tint with existing theme; decorative Image Raycast Target off.,4bae0f5f0fff9652a0e44290e432430f4611c233731f2f1b36375e90d99c6a61
ic_search,Sprites/Icons/ic_search.png,Icons,256,256,"[0, 0, 0, 0]",Simple,100,TextPrimary,0,Original white line glyph; matching SVG provided. Tint with existing theme; decorative Image Raycast Target off.,121cdd930ef6a803cc1c546bc23a41cf1389b64a8d7ce49688b4fd12cf9fecf0
ic_filter,Sprites/Icons/ic_filter.png,Icons,256,256,"[0, 0, 0, 0]",Simple,100,TextPrimary,0,Original white line glyph; matching SVG provided. Tint with existing theme; decorative Image Raycast Target off.,a54ca2b16486db649126bf376f8e0a26a7d0c643aa51615373d0b19ab7bfc9b2
ic_chevron_right,Sprites/Icons/ic_chevron_right.png,Icons,256,256,"[0, 0, 0, 0]",Simple,100,TextPrimary,0,Original white line glyph; matching SVG provided. Tint with existing theme; decorative Image Raycast Target off.,7a74c92645a62e3bcf63f51bf9bb90146862885c8fdc4e2750e7c67a1fbd7fc1
ic_chevron_down,Sprites/Icons/ic_chevron_down.png,Icons,256,256,"[0, 0, 0, 0]",Simple,100,TextPrimary,0,Original white line glyph; matching SVG provided. Tint with existing theme; decorative Image Raycast Target off.,d94246f7678ace6d30d6b19dd2d4279d9bc2eada6d3e130b02b8971208a99cee
ic_arrow_back,Sprites/Icons/ic_arrow_back.png,Icons,256,256,"[0, 0, 0, 0]",Simple,100,TextPrimary,0,Original white line glyph; matching SVG provided. Tint with existing theme; decorative Image Raycast Target off.,2d254c2c5b4bcfff642677ae7b6230052f344e3e62e94219ce4fc321d9b04a1c
ic_refresh,Sprites/Icons/ic_refresh.png,Icons,256,256,"[0, 0, 0, 0]",Simple,100,TextPrimary,0,Original white line glyph; matching SVG provided. Tint with existing theme; decorative Image Raycast Target off.,0e4e1ac1ba8b13b4cebac686ee597f483ac3d20e2a25803e28efecb3581b126b
ic_ballot,Sprites/Icons/ic_ballot.png,Icons,256,256,"[0, 0, 0, 0]",Simple,100,TextPrimary,0,Original white line glyph; matching SVG provided. Tint with existing theme; decorative Image Raycast Target off.,abefe3690f965ced0b2b648df5c13e1fd226cf50a898ae02749a83858fdb6215
ic_archive,Sprites/Icons/ic_archive.png,Icons,256,256,"[0, 0, 0, 0]",Simple,100,TextPrimary,0,Original white line glyph; matching SVG provided. Tint with existing theme; decorative Image Raycast Target off.,4152a0bac7f05561ee379da0276a73b5d1212d1ecda8d7a3b23ac0f68356edb7
ic_book,Sprites/Icons/ic_book.png,Icons,256,256,"[0, 0, 0, 0]",Simple,100,TextPrimary,0,Original white line glyph; matching SVG provided. Tint with existing theme; decorative Image Raycast Target off.,feef9d61300db70c3771e824dfeb9204cf2765818ea4c8d80650e63b0a52ace0
ic_jury,Sprites/Icons/ic_jury.png,Icons,256,256,"[0, 0, 0, 0]",Simple,100,TextPrimary,0,Original white line glyph; matching SVG provided. Tint with existing theme; decorative Image Raycast Target off.,19d0948ae73d9f8b2de753e99c29ca6fb958d4d7caeb87bba733fc4574bf20a1
ic_heart,Sprites/Icons/ic_heart.png,Icons,256,256,"[0, 0, 0, 0]",Simple,100,TextPrimary,0,Original white line glyph; matching SVG provided. Tint with existing theme; decorative Image Raycast Target off.,6a965241af4112dd54a6a3b28e5801b2f2ff83aac15a13b334762c5a1c924377
ic_shield,Sprites/Icons/ic_shield.png,Icons,256,256,"[0, 0, 0, 0]",Simple,100,TextPrimary,0,Original white line glyph; matching SVG provided. Tint with existing theme; decorative Image Raycast Target off.,f7b5fa2439873c4122d25fbfc49f77afa3d07f9c71b84bd105fdef801ee74471
ic_broken_promise,Sprites/Icons/ic_broken_promise.png,Icons,256,256,"[0, 0, 0, 0]",Simple,100,TextPrimary,0,Original white line glyph; matching SVG provided. Tint with existing theme; decorative Image Raycast Target off.,6e88cae767b02b98db5b78ce2b2aa9c143761fb1fab6cc9e403843463f0186a6
ic_story,Sprites/Icons/ic_story.png,Icons,256,256,"[0, 0, 0, 0]",Simple,100,TextPrimary,0,Original white line glyph; matching SVG provided. Tint with existing theme; decorative Image Raycast Target off.,ea97989679bd803a150a37aeaec1bee7580b3942b79b87a925a041ab9fdead4d
ic_save,Sprites/Icons/ic_save.png,Icons,256,256,"[0, 0, 0, 0]",Simple,100,TextPrimary,0,Original white line glyph; matching SVG provided. Tint with existing theme; decorative Image Raycast Target off.,4d03a21f032c4ccd1177a8b04b23fc7ffdd226fd56e74df38021b8e350823377
ic_settings,Sprites/Icons/ic_settings.png,Icons,256,256,"[0, 0, 0, 0]",Simple,100,TextPrimary,0,Original white line glyph; matching SVG provided. Tint with existing theme; decorative Image Raycast Target off.,611d2740661c134b430bce5066900a02b01e62779a5270f35f51f314013913ee
ic_more,Sprites/Icons/ic_more.png,Icons,256,256,"[0, 0, 0, 0]",Simple,100,TextPrimary,0,Original white line glyph; matching SVG provided. Tint with existing theme; decorative Image Raycast Target off.,3be3bf9c752a75c65cca28370be44653e7c7460fadf9a19f02407fac3982bc74
ic_home,Sprites/Icons/ic_home.png,Icons,256,256,"[0, 0, 0, 0]",Simple,100,TextPrimary,0,Original white line glyph; matching SVG provided. Tint with existing theme; decorative Image Raycast Target off.,2f6d378d73bf3702d18135c3850ca2e2ffe03fdd9c7be12d3b04998b72da3899
votes_no_records,Sprites/EmptyStates/votes_no_records.png,EmptyStates,640,440,"[0, 0, 0, 0]",Simple,100,Muted,0,Decorative illustration; keep title/message/action as separate TMP/live controls.,47b4fa42208431c049289f5c4383f0e07135a198c4fa03128f19a3b665af1f7e
private_no_decision,Sprites/EmptyStates/private_no_decision.png,EmptyStates,640,440,"[0, 0, 0, 0]",Simple,100,Muted,0,Decorative illustration; keep title/message/action as separate TMP/live controls.,4eaa00d7b119f5e651edaae6bf1680a4a9f25a372a830090f9360ea4f1c644bf
room_no_known_occupants,Sprites/EmptyStates/room_no_known_occupants.png,EmptyStates,640,440,"[0, 0, 0, 0]",Simple,100,Muted,0,Decorative illustration; keep title/message/action as separate TMP/live controls.,2d5a5cc27a95e03754158d0a694fda63d17e7c02635ca827ce279512577e47a9
records_load_error,Sprites/EmptyStates/records_load_error.png,EmptyStates,640,440,"[0, 0, 0, 0]",Simple,100,Muted,0,Decorative illustration; keep title/message/action as separate TMP/live controls.,42886838928813cfba4f207b4994904e067a4c387fd89a41561f9a50548d9e24
